{"timestamp": 1737914721.8105354, "parse_memory_mb": 0.00390625, "total_memory_mb": 0.00390625, "action_count": 106}
{"timestamp": 1737914755.3266265, "parse_memory_mb": 0.01953125, "total_memory_mb": 0.01953125, "action_count": 106}
