{"timestamp": 1737914638.8045552, "parse_time": 0.001336812973022461, "action_count": 106, "profile": "         1837 function calls in 0.001 seconds\n\n   Ordered by: cumulative time\n\n   ncalls  tottime  percall  cumtime  percall filename:lineno(function)\n        1    0.000    0.000    0.001    0.001 C:\\PS\\scripts\\ps-simc-parser\\ps_simc_parser\\parser\\__init__.py:44(parse)\n      114    0.000    0.000    0.001    0.000 C:\\PS\\scripts\\ps-simc-parser\\ps_simc_parser\\parser\\__init__.py:75(parse_line)\n      106    0.000    0.000    0.000    0.000 {built-in method builtins.any}\n      212    0.000    0.000    0.000    0.000 C:\\PS\\scripts\\ps-simc-parser\\ps_simc_parser\\parser\\__init__.py:89(<genexpr>)\n      428    0.000    0.000    0.000    0.000 {method 'startswith' of 'str' objects}\n      322    0.000    0.000    0.000    0.000 {method 'split' of 'str' objects}\n        1    0.000    0.000    0.000    0.000 {method 'disable' of '_lsprof.Profiler' objects}\n      224    0.000    0.000    0.000    0.000 {method 'strip' of 'str' objects}\n      106    0.000    0.000    0.000    0.000 {method 'rstrip' of 'str' objects}\n      106    0.000    0.000    0.000    0.000 {method 'lstrip' of 'str' objects}\n      106    0.000    0.000    0.000    0.000 {method 'append' of 'list' objects}\n      106    0.000    0.000    0.000    0.000 {built-in method builtins.len}\n        1    0.000    0.000    0.000    0.000 {method 'splitlines' of 'str' objects}\n        2    0.000    0.000    0.000    0.000 {built-in method time.time}\n        1    0.000    0.000    0.000    0.000 <string>:2(__init__)\n        1    0.000    0.000    0.000    0.000 {built-in method builtins.isinstance}\n\n\n"}
{"timestamp": 1737914694.017181, "parse_time": 0.0005025863647460938, "action_count": 106, "profile": "         1837 function calls in 0.001 seconds\n\n   Ordered by: cumulative time\n\n   ncalls  tottime  percall  cumtime  percall filename:lineno(function)\n        1    0.000    0.000    0.001    0.001 C:\\PS\\scripts\\ps-simc-parser\\ps_simc_parser\\parser\\__init__.py:44(parse)\n      114    0.000    0.000    0.001    0.000 C:\\PS\\scripts\\ps-simc-parser\\ps_simc_parser\\parser\\__init__.py:75(parse_line)\n      106    0.000    0.000    0.000    0.000 {built-in method builtins.any}\n      212    0.000    0.000    0.000    0.000 C:\\PS\\scripts\\ps-simc-parser\\ps_simc_parser\\parser\\__init__.py:89(<genexpr>)\n      428    0.000    0.000    0.000    0.000 {method 'startswith' of 'str' objects}\n      322    0.000    0.000    0.000    0.000 {method 'split' of 'str' objects}\n        1    0.000    0.000    0.000    0.000 {method 'disable' of '_lsprof.Profiler' objects}\n      224    0.000    0.000    0.000    0.000 {method 'strip' of 'str' objects}\n      106    0.000    0.000    0.000    0.000 {method 'lstrip' of 'str' objects}\n      106    0.000    0.000    0.000    0.000 {method 'rstrip' of 'str' objects}\n      106    0.000    0.000    0.000    0.000 {method 'append' of 'list' objects}\n        1    0.000    0.000    0.000    0.000 {method 'splitlines' of 'str' objects}\n      106    0.000    0.000    0.000    0.000 {built-in method builtins.len}\n        2    0.000    0.000    0.000    0.000 {built-in method time.time}\n        1    0.000    0.000    0.000    0.000 <string>:2(__init__)\n        1    0.000    0.000    0.000    0.000 {built-in method builtins.isinstance}\n\n\n"}
{"timestamp": 1737914721.8136125, "parse_time": 0.0010039806365966797, "action_count": 106, "profile": "         1837 function calls in 0.001 seconds\n\n   Ordered by: cumulative time\n\n   ncalls  tottime  percall  cumtime  percall filename:lineno(function)\n        1    0.000    0.000    0.001    0.001 C:\\PS\\scripts\\ps-simc-parser\\ps_simc_parser\\parser\\__init__.py:44(parse)\n      114    0.001    0.000    0.001    0.000 C:\\PS\\scripts\\ps-simc-parser\\ps_simc_parser\\parser\\__init__.py:75(parse_line)\n        1    0.000    0.000    0.000    0.000 {method 'splitlines' of 'str' objects}\n      106    0.000    0.000    0.000    0.000 {built-in method builtins.any}\n      212    0.000    0.000    0.000    0.000 C:\\PS\\scripts\\ps-simc-parser\\ps_simc_parser\\parser\\__init__.py:89(<genexpr>)\n      428    0.000    0.000    0.000    0.000 {method 'startswith' of 'str' objects}\n      322    0.000    0.000    0.000    0.000 {method 'split' of 'str' objects}\n        1    0.000    0.000    0.000    0.000 {method 'disable' of '_lsprof.Profiler' objects}\n      224    0.000    0.000    0.000    0.000 {method 'strip' of 'str' objects}\n      106    0.000    0.000    0.000    0.000 {method 'lstrip' of 'str' objects}\n      106    0.000    0.000    0.000    0.000 {method 'rstrip' of 'str' objects}\n      106    0.000    0.000    0.000    0.000 {method 'append' of 'list' objects}\n      106    0.000    0.000    0.000    0.000 {built-in method builtins.len}\n        2    0.000    0.000    0.000    0.000 {built-in method time.time}\n        1    0.000    0.000    0.000    0.000 <string>:2(__init__)\n        1    0.000    0.000    0.000    0.000 {built-in method builtins.isinstance}\n\n\n"}
{"timestamp": 1737914755.3306553, "parse_time": 0.0010292530059814453, "action_count": 106, "profile": "         1837 function calls in 0.001 seconds\n\n   Ordered by: cumulative time\n\n   ncalls  tottime  percall  cumtime  percall filename:lineno(function)\n        1    0.000    0.000    0.001    0.001 C:\\PS\\scripts\\ps-simc-parser\\ps_simc_parser\\parser\\__init__.py:44(parse)\n      114    0.000    0.000    0.001    0.000 C:\\PS\\scripts\\ps-simc-parser\\ps_simc_parser\\parser\\__init__.py:75(parse_line)\n      106    0.000    0.000    0.000    0.000 {built-in method builtins.any}\n      212    0.000    0.000    0.000    0.000 C:\\PS\\scripts\\ps-simc-parser\\ps_simc_parser\\parser\\__init__.py:89(<genexpr>)\n      428    0.000    0.000    0.000    0.000 {method 'startswith' of 'str' objects}\n      322    0.000    0.000    0.000    0.000 {method 'split' of 'str' objects}\n        1    0.000    0.000    0.000    0.000 {method 'disable' of '_lsprof.Profiler' objects}\n      224    0.000    0.000    0.000    0.000 {method 'strip' of 'str' objects}\n      106    0.000    0.000    0.000    0.000 {method 'rstrip' of 'str' objects}\n      106    0.000    0.000    0.000    0.000 {method 'lstrip' of 'str' objects}\n      106    0.000    0.000    0.000    0.000 {method 'append' of 'list' objects}\n      106    0.000    0.000    0.000    0.000 {built-in method builtins.len}\n        1    0.000    0.000    0.000    0.000 {method 'splitlines' of 'str' objects}\n        2    0.000    0.000    0.000    0.000 {built-in method time.time}\n        1    0.000    0.000    0.000    0.000 <string>:2(__init__)\n        1    0.000    0.000    0.000    0.000 {built-in method builtins.isinstance}\n\n\n"}
