{"timestamp": 1737914755.3572114, "cold_time": 0.011392593383789062, "warm_time": 0.01164698600769043, "action_count": 106, "iterations": 100}
